{"cameraMode":{"drawMode":0,"name":"Shaded","section":"Shading Mode"},"sceneLighting":false,"audioPlay":false,"sceneViewState":{"m_AlwaysRefresh":false,"showFog":true,"showSkybox":false,"showFlares":true,"showImageEffects":true,"showParticleSystems":true,"showVisualEffectGraphs":true,"m_FxEnabled":true},"in2DMode":false,"pivot":{"x":0.511847734451294,"y":0.21450847387313844,"z":-0.5567130446434021},"rotation":{"x":0.19952568411827088,"y":-0.4348597228527069,"z":0.09946832805871964,"w":0.8726561069488525},"size":0.03648090362548828,"orthographic":false}