{"cameraMode":{"drawMode":0,"name":"Shaded","section":"Shading Mode"},"sceneLighting":false,"audioPlay":false,"sceneViewState":{"m_AlwaysRefresh":false,"showFog":true,"showSkybox":false,"showFlares":true,"showImageEffects":true,"showParticleSystems":true,"showVisualEffectGraphs":true,"m_FxEnabled":true},"in2DMode":false,"pivot":{"x":0.16901355981826783,"y":0.13337364792823792,"z":-0.08249936997890473},"rotation":{"x":0.25287532806396487,"y":0.640545129776001,"z":-0.23628638684749604,"w":0.6855127215385437},"size":0.9464239478111267,"orthographic":false}